id,base_id,z,corruption,severity,level,phi_real,voxel_um,offset,scale,beta,d100,sigma_phi_noise,ood_score
img_0000.png,img_094.png,720,clean,0,0.0,13.590055465698242,3.0,7381.490499187176,4797.057954421177,265.5,3133.69431607666,3.50100833990674,0.17582054436206818
img_0001.png,img_094.png,720,brightness,1,0.02,13.590055465698242,3.0,7381.490499187176,4797.057954421177,265.5,3133.69431607666,3.50100833990674,0.17401202023029327
img_0002.png,img_094.png,720,brightness,2,0.05,13.590055465698242,3.0,7381.490499187176,4797.057954421177,265.5,3133.69431607666,3.50100833990674,0.17210379242897034
img_0003.png,img_094.png,720,brightness,3,0.1,13.590055465698242,3.0,7381.490499187176,4797.057954421177,265.5,3133.69431607666,3.50100833990674,0.17186927795410156
img_0004.png,img_094.png,720,brightness,4,0.2,13.590055465698242,3.0,7381.490499187176,4797.057954421177,265.5,3133.69431607666,3.50100833990674,0.17058777809143066
img_0005.png,img_094.png,720,brightness,5,0.35,13.590055465698242,3.0,7381.490499187176,4797.057954421177,265.5,3133.69431607666,3.50100833990674,0.20533424615859985
img_0006.png,img_094.png,720,contrast,1,0.9,13.590055465698242,3.0,7381.490499187176,4797.057954421177,265.5,3133.69431607666,3.50100833990674,0.17396873235702515
img_0007.png,img_094.png,720,contrast,2,0.75,13.590055465698242,3.0,7381.490499187176,4797.057954421177,265.5,3133.69431607666,3.50100833990674,0.17510050535202026
img_0008.png,img_094.png,720,contrast,3,0.6,13.590055465698242,3.0,7381.490499187176,4797.057954421177,265.5,3133.69431607666,3.50100833990674,0.17406582832336426
img_0009.png,img_094.png,720,contrast,4,0.45,13.590055465698242,3.0,7381.490499187176,4797.057954421177,265.5,3133.69431607666,3.50100833990674,0.17352551221847534
img_0010.png,img_094.png,720,contrast,5,0.3,13.590055465698242,3.0,7381.490499187176,4797.057954421177,265.5,3133.69431607666,3.50100833990674,0.17791414260864258
img_0011.png,img_094.png,720,noise,1,0.01,13.590055465698242,3.0,7381.490499187176,4797.057954421177,265.5,3133.69431607666,3.50100833990674,0.18241477012634277
img_0012.png,img_094.png,720,noise,2,0.02,13.590055465698242,3.0,7381.490499187176,4797.057954421177,265.5,3133.69431607666,3.50100833990674,0.17715397477149963
img_0013.png,img_094.png,720,noise,3,0.04,13.590055465698242,3.0,7381.490499187176,4797.057954421177,265.5,3133.69431607666,3.50100833990674,0.19342079758644104
img_0014.png,img_094.png,720,noise,4,0.08,13.590055465698242,3.0,7381.490499187176,4797.057954421177,265.5,3133.69431607666,3.50100833990674,0.23958918452262878
img_0015.png,img_094.png,720,noise,5,0.15,13.590055465698242,3.0,7381.490499187176,4797.057954421177,265.5,3133.69431607666,3.50100833990674,0.2860755920410156
img_0016.png,img_094.png,720,blur,1,0.5,13.590055465698242,3.0,7381.490499187176,4797.057954421177,265.5,3133.69431607666,3.50100833990674,0.16998788714408875
img_0017.png,img_094.png,720,blur,2,1.0,13.590055465698242,3.0,7381.490499187176,4797.057954421177,265.5,3133.69431607666,3.50100833990674,0.17163313925266266
img_0018.png,img_094.png,720,blur,3,2.0,13.590055465698242,3.0,7381.490499187176,4797.057954421177,265.5,3133.69431607666,3.50100833990674,0.22211000323295593
img_0019.png,img_094.png,720,blur,4,3.5,13.590055465698242,3.0,7381.490499187176,4797.057954421177,265.5,3133.69431607666,3.50100833990674,0.2712708115577698
img_0020.png,img_094.png,720,blur,5,6.0,13.590055465698242,3.0,7381.490499187176,4797.057954421177,265.5,3133.69431607666,3.50100833990674,0.3300701677799225
img_0021.png,img_094.png,720,resolution,1,1.5,13.590055465698242,3.0,7381.490499187176,4797.057954421177,265.5,3133.69431607666,3.50100833990674,0.18218237161636353
img_0022.png,img_094.png,720,resolution,2,2.0,13.590055465698242,3.0,7381.490499187176,4797.057954421177,265.5,3133.69431607666,3.50100833990674,0.17620891332626343
img_0023.png,img_094.png,720,resolution,3,3.0,13.590055465698242,3.0,7381.490499187176,4797.057954421177,265.5,3133.69431607666,3.50100833990674,0.18997211754322052
img_0024.png,img_094.png,720,resolution,4,4.0,13.590055465698242,3.0,7381.490499187176,4797.057954421177,265.5,3133.69431607666,3.50100833990674,0.20418058335781097
img_0025.png,img_094.png,720,resolution,5,6.0,13.590055465698242,3.0,7381.490499187176,4797.057954421177,265.5,3133.69431607666,3.50100833990674,0.2515454590320587
img_0026.png,img_049.png,730,clean,0,0.0,13.53969955444336,3.0,7381.490499187176,4797.057954421177,265.5,3133.69431607666,3.50100833990674,0.1884501874446869
img_0027.png,img_049.png,730,brightness,1,0.02,13.53969955444336,3.0,7381.490499187176,4797.057954421177,265.5,3133.69431607666,3.50100833990674,0.1885881870985031
img_0028.png,img_049.png,730,brightness,2,0.05,13.53969955444336,3.0,7381.490499187176,4797.057954421177,265.5,3133.69431607666,3.50100833990674,0.1901497095823288
img_0029.png,img_049.png,730,brightness,3,0.1,13.53969955444336,3.0,7381.490499187176,4797.057954421177,265.5,3133.69431607666,3.50100833990674,0.1927957683801651
img_0030.png,img_049.png,730,brightness,4,0.2,13.53969955444336,3.0,7381.490499187176,4797.057954421177,265.5,3133.69431607666,3.50100833990674,0.1964319795370102
img_0031.png,img_049.png,730,brightness,5,0.35,13.53969955444336,3.0,7381.490499187176,4797.057954421177,265.5,3133.69431607666,3.50100833990674,0.21332067251205444
img_0032.png,img_049.png,730,contrast,1,0.9,13.53969955444336,3.0,7381.490499187176,4797.057954421177,265.5,3133.69431607666,3.50100833990674,0.1897869110107422
img_0033.png,img_049.png,730,contrast,2,0.75,13.53969955444336,3.0,7381.490499187176,4797.057954421177,265.5,3133.69431607666,3.50100833990674,0.1910904496908188
img_0034.png,img_049.png,730,contrast,3,0.6,13.53969955444336,3.0,7381.490499187176,4797.057954421177,265.5,3133.69431607666,3.50100833990674,0.19217750430107117
img_0035.png,img_049.png,730,contrast,4,0.45,13.53969955444336,3.0,7381.490499187176,4797.057954421177,265.5,3133.69431607666,3.50100833990674,0.19526652991771698
img_0036.png,img_049.png,730,contrast,5,0.3,13.53969955444336,3.0,7381.490499187176,4797.057954421177,265.5,3133.69431607666,3.50100833990674,0.20364341139793396
img_0037.png,img_049.png,730,noise,1,0.01,13.53969955444336,3.0,7381.490499187176,4797.057954421177,265.5,3133.69431607666,3.50100833990674,0.19395779073238373
img_0038.png,img_049.png,730,noise,2,0.02,13.53969955444336,3.0,7381.490499187176,4797.057954421177,265.5,3133.69431607666,3.50100833990674,0.1917409747838974
img_0039.png,img_049.png,730,noise,3,0.04,13.53969955444336,3.0,7381.490499187176,4797.057954421177,265.5,3133.69431607666,3.50100833990674,0.1851472407579422
img_0040.png,img_049.png,730,noise,4,0.08,13.53969955444336,3.0,7381.490499187176,4797.057954421177,265.5,3133.69431607666,3.50100833990674,0.2523077726364136
img_0041.png,img_049.png,730,noise,5,0.15,13.53969955444336,3.0,7381.490499187176,4797.057954421177,265.5,3133.69431607666,3.50100833990674,0.2865288257598877
img_0042.png,img_049.png,730,blur,1,0.5,13.53969955444336,3.0,7381.490499187176,4797.057954421177,265.5,3133.69431607666,3.50100833990674,0.1865723580121994
img_0043.png,img_049.png,730,blur,2,1.0,13.53969955444336,3.0,7381.490499187176,4797.057954421177,265.5,3133.69431607666,3.50100833990674,0.18908698856830597
img_0044.png,img_049.png,730,blur,3,2.0,13.53969955444336,3.0,7381.490499187176,4797.057954421177,265.5,3133.69431607666,3.50100833990674,0.22135820984840393
img_0045.png,img_049.png,730,blur,4,3.5,13.53969955444336,3.0,7381.490499187176,4797.057954421177,265.5,3133.69431607666,3.50100833990674,0.2693464756011963
img_0046.png,img_049.png,730,blur,5,6.0,13.53969955444336,3.0,7381.490499187176,4797.057954421177,265.5,3133.69431607666,3.50100833990674,0.32451310753822327
img_0047.png,img_049.png,730,resolution,1,1.5,13.53969955444336,3.0,7381.490499187176,4797.057954421177,265.5,3133.69431607666,3.50100833990674,0.1995137631893158
img_0048.png,img_049.png,730,resolution,2,2.0,13.53969955444336,3.0,7381.490499187176,4797.057954421177,265.5,3133.69431607666,3.50100833990674,0.19550803303718567
img_0049.png,img_049.png,730,resolution,3,3.0,13.53969955444336,3.0,7381.490499187176,4797.057954421177,265.5,3133.69431607666,3.50100833990674,0.2046685516834259
img_0050.png,img_049.png,730,resolution,4,4.0,13.53969955444336,3.0,7381.490499187176,4797.057954421177,265.5,3133.69431607666,3.50100833990674,0.23278369009494781
img_0051.png,img_049.png,730,resolution,5,6.0,13.53969955444336,3.0,7381.490499187176,4797.057954421177,265.5,3133.69431607666,3.50100833990674,0.2552185654640198
img_0052.png,img_042.png,745,clean,0,0.0,13.720230102539062,3.0,7381.490499187176,4797.057954421177,265.5,3133.69431607666,3.50100833990674,0.19375306367874146
img_0053.png,img_042.png,745,brightness,1,0.02,13.720230102539062,3.0,7381.490499187176,4797.057954421177,265.5,3133.69431607666,3.50100833990674,0.1934657245874405
img_0054.png,img_042.png,745,brightness,2,0.05,13.720230102539062,3.0,7381.490499187176,4797.057954421177,265.5,3133.69431607666,3.50100833990674,0.1938983052968979
img_0055.png,img_042.png,745,brightness,3,0.1,13.720230102539062,3.0,7381.490499187176,4797.057954421177,265.5,3133.69431607666,3.50100833990674,0.19615067541599274
img_0056.png,img_042.png,745,brightness,4,0.2,13.720230102539062,3.0,7381.490499187176,4797.057954421177,265.5,3133.69431607666,3.50100833990674,0.2041044533252716
img_0057.png,img_042.png,745,brightness,5,0.35,13.720230102539062,3.0,7381.490499187176,4797.057954421177,265.5,3133.69431607666,3.50100833990674,0.19941069185733795
img_0058.png,img_042.png,745,contrast,1,0.9,13.720230102539062,3.0,7381.490499187176,4797.057954421177,265.5,3133.69431607666,3.50100833990674,0.19372648000717163
img_0059.png,img_042.png,745,contrast,2,0.75,13.720230102539062,3.0,7381.490499187176,4797.057954421177,265.5,3133.69431607666,3.50100833990674,0.1941204071044922
img_0060.png,img_042.png,745,contrast,3,0.6,13.720230102539062,3.0,7381.490499187176,4797.057954421177,265.5,3133.69431607666,3.50100833990674,0.19546717405319214
img_0061.png,img_042.png,745,contrast,4,0.45,13.720230102539062,3.0,7381.490499187176,4797.057954421177,265.5,3133.69431607666,3.50100833990674,0.1940310001373291
img_0062.png,img_042.png,745,contrast,5,0.3,13.720230102539062,3.0,7381.490499187176,4797.057954421177,265.5,3133.69431607666,3.50100833990674,0.19712556898593903
img_0063.png,img_042.png,745,noise,1,0.01,13.720230102539062,3.0,7381.490499187176,4797.057954421177,265.5,3133.69431607666,3.50100833990674,0.20539520680904388
img_0064.png,img_042.png,745,noise,2,0.02,13.720230102539062,3.0,7381.490499187176,4797.057954421177,265.5,3133.69431607666,3.50100833990674,0.1984071284532547
img_0065.png,img_042.png,745,noise,3,0.04,13.720230102539062,3.0,7381.490499187176,4797.057954421177,265.5,3133.69431607666,3.50100833990674,0.2093234658241272
img_0066.png,img_042.png,745,noise,4,0.08,13.720230102539062,3.0,7381.490499187176,4797.057954421177,265.5,3133.69431607666,3.50100833990674,0.2548312842845917
img_0067.png,img_042.png,745,noise,5,0.15,13.720230102539062,3.0,7381.490499187176,4797.057954421177,265.5,3133.69431607666,3.50100833990674,0.2843751907348633
img_0068.png,img_042.png,745,blur,1,0.5,13.720230102539062,3.0,7381.490499187176,4797.057954421177,265.5,3133.69431607666,3.50100833990674,0.19636058807373047
img_0069.png,img_042.png,745,blur,2,1.0,13.720230102539062,3.0,7381.490499187176,4797.057954421177,265.5,3133.69431607666,3.50100833990674,0.19695596396923065
img_0070.png,img_042.png,745,blur,3,2.0,13.720230102539062,3.0,7381.490499187176,4797.057954421177,265.5,3133.69431607666,3.50100833990674,0.24758750200271606
img_0071.png,img_042.png,745,blur,4,3.5,13.720230102539062,3.0,7381.490499187176,4797.057954421177,265.5,3133.69431607666,3.50100833990674,0.30874910950660706
img_0072.png,img_042.png,745,blur,5,6.0,13.720230102539062,3.0,7381.490499187176,4797.057954421177,265.5,3133.69431607666,3.50100833990674,0.33716535568237305
img_0073.png,img_042.png,745,resolution,1,1.5,13.720230102539062,3.0,7381.490499187176,4797.057954421177,265.5,3133.69431607666,3.50100833990674,0.2092713713645935
img_0074.png,img_042.png,745,resolution,2,2.0,13.720230102539062,3.0,7381.490499187176,4797.057954421177,265.5,3133.69431607666,3.50100833990674,0.20747137069702148
img_0075.png,img_042.png,745,resolution,3,3.0,13.720230102539062,3.0,7381.490499187176,4797.057954421177,265.5,3133.69431607666,3.50100833990674,0.2321327030658722
img_0076.png,img_042.png,745,resolution,4,4.0,13.720230102539062,3.0,7381.490499187176,4797.057954421177,265.5,3133.69431607666,3.50100833990674,0.27063849568367004
img_0077.png,img_042.png,745,resolution,5,6.0,13.720230102539062,3.0,7381.490499187176,4797.057954421177,265.5,3133.69431607666,3.50100833990674,0.27532732486724854
img_0078.png,img_078.png,756,clean,0,0.0,13.514545440673828,3.0,7381.490499187176,4797.057954421177,265.5,3133.69431607666,3.50100833990674,0.22710901498794556
img_0079.png,img_078.png,756,brightness,1,0.02,13.514545440673828,3.0,7381.490499187176,4797.057954421177,265.5,3133.69431607666,3.50100833990674,0.2230968326330185
img_0080.png,img_078.png,756,brightness,2,0.05,13.514545440673828,3.0,7381.490499187176,4797.057954421177,265.5,3133.69431607666,3.50100833990674,0.2177293598651886
img_0081.png,img_078.png,756,brightness,3,0.1,13.514545440673828,3.0,7381.490499187176,4797.057954421177,265.5,3133.69431607666,3.50100833990674,0.21375592052936554
img_0082.png,img_078.png,756,brightness,4,0.2,13.514545440673828,3.0,7381.490499187176,4797.057954421177,265.5,3133.69431607666,3.50100833990674,0.21137672662734985
img_0083.png,img_078.png,756,brightness,5,0.35,13.514545440673828,3.0,7381.490499187176,4797.057954421177,265.5,3133.69431607666,3.50100833990674,0.21379926800727844
img_0084.png,img_078.png,756,contrast,1,0.9,13.514545440673828,3.0,7381.490499187176,4797.057954421177,265.5,3133.69431607666,3.50100833990674,0.22664009034633636
img_0085.png,img_078.png,756,contrast,2,0.75,13.514545440673828,3.0,7381.490499187176,4797.057954421177,265.5,3133.69431607666,3.50100833990674,0.22350364923477173
img_0086.png,img_078.png,756,contrast,3,0.6,13.514545440673828,3.0,7381.490499187176,4797.057954421177,265.5,3133.69431607666,3.50100833990674,0.22394336760044098
img_0087.png,img_078.png,756,contrast,4,0.45,13.514545440673828,3.0,7381.490499187176,4797.057954421177,265.5,3133.69431607666,3.50100833990674,0.2275792360305786
img_0088.png,img_078.png,756,contrast,5,0.3,13.514545440673828,3.0,7381.490499187176,4797.057954421177,265.5,3133.69431607666,3.50100833990674,0.23838798701763153
img_0089.png,img_078.png,756,noise,1,0.01,13.514545440673828,3.0,7381.490499187176,4797.057954421177,265.5,3133.69431607666,3.50100833990674,0.22618985176086426
img_0090.png,img_078.png,756,noise,2,0.02,13.514545440673828,3.0,7381.490499187176,4797.057954421177,265.5,3133.69431607666,3.50100833990674,0.22080405056476593
img_0091.png,img_078.png,756,noise,3,0.04,13.514545440673828,3.0,7381.490499187176,4797.057954421177,265.5,3133.69431607666,3.50100833990674,0.21186766028404236
img_0092.png,img_078.png,756,noise,4,0.08,13.514545440673828,3.0,7381.490499187176,4797.057954421177,265.5,3133.69431607666,3.50100833990674,0.27696821093559265
img_0093.png,img_078.png,756,noise,5,0.15,13.514545440673828,3.0,7381.490499187176,4797.057954421177,265.5,3133.69431607666,3.50100833990674,0.3164904713630676
img_0094.png,img_078.png,756,blur,1,0.5,13.514545440673828,3.0,7381.490499187176,4797.057954421177,265.5,3133.69431607666,3.50100833990674,0.22272294759750366
img_0095.png,img_078.png,756,blur,2,1.0,13.514545440673828,3.0,7381.490499187176,4797.057954421177,265.5,3133.69431607666,3.50100833990674,0.2277306616306305
img_0096.png,img_078.png,756,blur,3,2.0,13.514545440673828,3.0,7381.490499187176,4797.057954421177,265.5,3133.69431607666,3.50100833990674,0.26209211349487305
img_0097.png,img_078.png,756,blur,4,3.5,13.514545440673828,3.0,7381.490499187176,4797.057954421177,265.5,3133.69431607666,3.50100833990674,0.3298947811126709
img_0098.png,img_078.png,756,blur,5,6.0,13.514545440673828,3.0,7381.490499187176,4797.057954421177,265.5,3133.69431607666,3.50100833990674,0.3539775609970093
img_0099.png,img_078.png,756,resolution,1,1.5,13.514545440673828,3.0,7381.490499187176,4797.057954421177,265.5,3133.69431607666,3.50100833990674,0.22792896628379822
img_0100.png,img_078.png,756,resolution,2,2.0,13.514545440673828,3.0,7381.490499187176,4797.057954421177,265.5,3133.69431607666,3.50100833990674,0.22351598739624023
img_0101.png,img_078.png,756,resolution,3,3.0,13.514545440673828,3.0,7381.490499187176,4797.057954421177,265.5,3133.69431607666,3.50100833990674,0.2332572638988495
img_0102.png,img_078.png,756,resolution,4,4.0,13.514545440673828,3.0,7381.490499187176,4797.057954421177,265.5,3133.69431607666,3.50100833990674,0.2458266317844391
img_0103.png,img_078.png,756,resolution,5,6.0,13.514545440673828,3.0,7381.490499187176,4797.057954421177,265.5,3133.69431607666,3.50100833990674,0.2810575067996979
img_0104.png,img_007.png,771,clean,0,0.0,13.37763214111328,3.0,7381.490499187176,4797.057954421177,265.5,3133.69431607666,3.50100833990674,0.2141038030385971
img_0105.png,img_007.png,771,brightness,1,0.02,13.37763214111328,3.0,7381.490499187176,4797.057954421177,265.5,3133.69431607666,3.50100833990674,0.21287772059440613
img_0106.png,img_007.png,771,brightness,2,0.05,13.37763214111328,3.0,7381.490499187176,4797.057954421177,265.5,3133.69431607666,3.50100833990674,0.21087248623371124
img_0107.png,img_007.png,771,brightness,3,0.1,13.37763214111328,3.0,7381.490499187176,4797.057954421177,265.5,3133.69431607666,3.50100833990674,0.2072044312953949
img_0108.png,img_007.png,771,brightness,4,0.2,13.37763214111328,3.0,7381.490499187176,4797.057954421177,265.5,3133.69431607666,3.50100833990674,0.20779435336589813
img_0109.png,img_007.png,771,brightness,5,0.35,13.37763214111328,3.0,7381.490499187176,4797.057954421177,265.5,3133.69431607666,3.50100833990674,0.22096696496009827
img_0110.png,img_007.png,771,contrast,1,0.9,13.37763214111328,3.0,7381.490499187176,4797.057954421177,265.5,3133.69431607666,3.50100833990674,0.20981307327747345
img_0111.png,img_007.png,771,contrast,2,0.75,13.37763214111328,3.0,7381.490499187176,4797.057954421177,265.5,3133.69431607666,3.50100833990674,0.20661482214927673
img_0112.png,img_007.png,771,contrast,3,0.6,13.37763214111328,3.0,7381.490499187176,4797.057954421177,265.5,3133.69431607666,3.50100833990674,0.2037762999534607
img_0113.png,img_007.png,771,contrast,4,0.45,13.37763214111328,3.0,7381.490499187176,4797.057954421177,265.5,3133.69431607666,3.50100833990674,0.20264708995819092
img_0114.png,img_007.png,771,contrast,5,0.3,13.37763214111328,3.0,7381.490499187176,4797.057954421177,265.5,3133.69431607666,3.50100833990674,0.2074759602546692
img_0115.png,img_007.png,771,noise,1,0.01,13.37763214111328,3.0,7381.490499187176,4797.057954421177,265.5,3133.69431607666,3.50100833990674,0.2228291630744934
img_0116.png,img_007.png,771,noise,2,0.02,13.37763214111328,3.0,7381.490499187176,4797.057954421177,265.5,3133.69431607666,3.50100833990674,0.22011636197566986
img_0117.png,img_007.png,771,noise,3,0.04,13.37763214111328,3.0,7381.490499187176,4797.057954421177,265.5,3133.69431607666,3.50100833990674,0.19110672175884247
img_0118.png,img_007.png,771,noise,4,0.08,13.37763214111328,3.0,7381.490499187176,4797.057954421177,265.5,3133.69431607666,3.50100833990674,0.2636115849018097
img_0119.png,img_007.png,771,noise,5,0.15,13.37763214111328,3.0,7381.490499187176,4797.057954421177,265.5,3133.69431607666,3.50100833990674,0.3015737235546112
img_0120.png,img_007.png,771,blur,1,0.5,13.37763214111328,3.0,7381.490499187176,4797.057954421177,265.5,3133.69431607666,3.50100833990674,0.206098273396492
img_0121.png,img_007.png,771,blur,2,1.0,13.37763214111328,3.0,7381.490499187176,4797.057954421177,265.5,3133.69431607666,3.50100833990674,0.2043914943933487
img_0122.png,img_007.png,771,blur,3,2.0,13.37763214111328,3.0,7381.490499187176,4797.057954421177,265.5,3133.69431607666,3.50100833990674,0.26008307933807373
img_0123.png,img_007.png,771,blur,4,3.5,13.37763214111328,3.0,7381.490499187176,4797.057954421177,265.5,3133.69431607666,3.50100833990674,0.3004964590072632
img_0124.png,img_007.png,771,blur,5,6.0,13.37763214111328,3.0,7381.490499187176,4797.057954421177,265.5,3133.69431607666,3.50100833990674,0.3380082845687866
img_0125.png,img_007.png,771,resolution,1,1.5,13.37763214111328,3.0,7381.490499187176,4797.057954421177,265.5,3133.69431607666,3.50100833990674,0.22035996615886688
img_0126.png,img_007.png,771,resolution,2,2.0,13.37763214111328,3.0,7381.490499187176,4797.057954421177,265.5,3133.69431607666,3.50100833990674,0.2182997465133667
img_0127.png,img_007.png,771,resolution,3,3.0,13.37763214111328,3.0,7381.490499187176,4797.057954421177,265.5,3133.69431607666,3.50100833990674,0.22651851177215576
img_0128.png,img_007.png,771,resolution,4,4.0,13.37763214111328,3.0,7381.490499187176,4797.057954421177,265.5,3133.69431607666,3.50100833990674,0.2307632565498352
img_0129.png,img_007.png,771,resolution,5,6.0,13.37763214111328,3.0,7381.490499187176,4797.057954421177,265.5,3133.69431607666,3.50100833990674,0.3203027844429016
img_0130.png,img_058.png,782,clean,0,0.0,13.591099739074709,3.0,7381.490499187176,4797.057954421177,265.5,3133.69431607666,3.50100833990674,0.18112397193908691
img_0131.png,img_058.png,782,brightness,1,0.02,13.591099739074709,3.0,7381.490499187176,4797.057954421177,265.5,3133.69431607666,3.50100833990674,0.18143464624881744
img_0132.png,img_058.png,782,brightness,2,0.05,13.591099739074709,3.0,7381.490499187176,4797.057954421177,265.5,3133.69431607666,3.50100833990674,0.17961369454860687
img_0133.png,img_058.png,782,brightness,3,0.1,13.591099739074709,3.0,7381.490499187176,4797.057954421177,265.5,3133.69431607666,3.50100833990674,0.1774321049451828
img_0134.png,img_058.png,782,brightness,4,0.2,13.591099739074709,3.0,7381.490499187176,4797.057954421177,265.5,3133.69431607666,3.50100833990674,0.17504271864891052
img_0135.png,img_058.png,782,brightness,5,0.35,13.591099739074709,3.0,7381.490499187176,4797.057954421177,265.5,3133.69431607666,3.50100833990674,0.1865752935409546
img_0136.png,img_058.png,782,contrast,1,0.9,13.591099739074709,3.0,7381.490499187176,4797.057954421177,265.5,3133.69431607666,3.50100833990674,0.18054106831550598
img_0137.png,img_058.png,782,contrast,2,0.75,13.591099739074709,3.0,7381.490499187176,4797.057954421177,265.5,3133.69431607666,3.50100833990674,0.17687252163887024
img_0138.png,img_058.png,782,contrast,3,0.6,13.591099739074709,3.0,7381.490499187176,4797.057954421177,265.5,3133.69431607666,3.50100833990674,0.1738990992307663
img_0139.png,img_058.png,782,contrast,4,0.45,13.591099739074709,3.0,7381.490499187176,4797.057954421177,265.5,3133.69431607666,3.50100833990674,0.17388908565044403
img_0140.png,img_058.png,782,contrast,5,0.3,13.591099739074709,3.0,7381.490499187176,4797.057954421177,265.5,3133.69431607666,3.50100833990674,0.17722317576408386
img_0141.png,img_058.png,782,noise,1,0.01,13.591099739074709,3.0,7381.490499187176,4797.057954421177,265.5,3133.69431607666,3.50100833990674,0.18339385092258453
img_0142.png,img_058.png,782,noise,2,0.02,13.591099739074709,3.0,7381.490499187176,4797.057954421177,265.5,3133.69431607666,3.50100833990674,0.18299846351146698
img_0143.png,img_058.png,782,noise,3,0.04,13.591099739074709,3.0,7381.490499187176,4797.057954421177,265.5,3133.69431607666,3.50100833990674,0.19338247179985046
img_0144.png,img_058.png,782,noise,4,0.08,13.591099739074709,3.0,7381.490499187176,4797.057954421177,265.5,3133.69431607666,3.50100833990674,0.24654024839401245
img_0145.png,img_058.png,782,noise,5,0.15,13.591099739074709,3.0,7381.490499187176,4797.057954421177,265.5,3133.69431607666,3.50100833990674,0.2789556682109833
img_0146.png,img_058.png,782,blur,1,0.5,13.591099739074709,3.0,7381.490499187176,4797.057954421177,265.5,3133.69431607666,3.50100833990674,0.17688299715518951
img_0147.png,img_058.png,782,blur,2,1.0,13.591099739074709,3.0,7381.490499187176,4797.057954421177,265.5,3133.69431607666,3.50100833990674,0.17236384749412537
img_0148.png,img_058.png,782,blur,3,2.0,13.591099739074709,3.0,7381.490499187176,4797.057954421177,265.5,3133.69431607666,3.50100833990674,0.228966623544693
img_0149.png,img_058.png,782,blur,4,3.5,13.591099739074709,3.0,7381.490499187176,4797.057954421177,265.5,3133.69431607666,3.50100833990674,0.2635445296764374
img_0150.png,img_058.png,782,blur,5,6.0,13.591099739074709,3.0,7381.490499187176,4797.057954421177,265.5,3133.69431607666,3.50100833990674,0.3076668083667755
img_0151.png,img_058.png,782,resolution,1,1.5,13.591099739074709,3.0,7381.490499187176,4797.057954421177,265.5,3133.69431607666,3.50100833990674,0.17506013810634613
img_0152.png,img_058.png,782,resolution,2,2.0,13.591099739074709,3.0,7381.490499187176,4797.057954421177,265.5,3133.69431607666,3.50100833990674,0.1704317331314087
img_0153.png,img_058.png,782,resolution,3,3.0,13.591099739074709,3.0,7381.490499187176,4797.057954421177,265.5,3133.69431607666,3.50100833990674,0.18393100798130035
img_0154.png,img_058.png,782,resolution,4,4.0,13.591099739074709,3.0,7381.490499187176,4797.057954421177,265.5,3133.69431607666,3.50100833990674,0.2015082687139511
img_0155.png,img_058.png,782,resolution,5,6.0,13.591099739074709,3.0,7381.490499187176,4797.057954421177,265.5,3133.69431607666,3.50100833990674,0.26729699969291687
img_0156.png,img_034.png,796,clean,0,0.0,13.759241104125977,3.0,7381.490499187176,4797.057954421177,265.5,3133.69431607666,3.50100833990674,0.17665673792362213
img_0157.png,img_034.png,796,brightness,1,0.02,13.759241104125977,3.0,7381.490499187176,4797.057954421177,265.5,3133.69431607666,3.50100833990674,0.17573118209838867
img_0158.png,img_034.png,796,brightness,2,0.05,13.759241104125977,3.0,7381.490499187176,4797.057954421177,265.5,3133.69431607666,3.50100833990674,0.17467989027500153
img_0159.png,img_034.png,796,brightness,3,0.1,13.759241104125977,3.0,7381.490499187176,4797.057954421177,265.5,3133.69431607666,3.50100833990674,0.17266865074634552
img_0160.png,img_034.png,796,brightness,4,0.2,13.759241104125977,3.0,7381.490499187176,4797.057954421177,265.5,3133.69431607666,3.50100833990674,0.1726415455341339
img_0161.png,img_034.png,796,brightness,5,0.35,13.759241104125977,3.0,7381.490499187176,4797.057954421177,265.5,3133.69431607666,3.50100833990674,0.1911114603281021
img_0162.png,img_034.png,796,contrast,1,0.9,13.759241104125977,3.0,7381.490499187176,4797.057954421177,265.5,3133.69431607666,3.50100833990674,0.17589567601680756
img_0163.png,img_034.png,796,contrast,2,0.75,13.759241104125977,3.0,7381.490499187176,4797.057954421177,265.5,3133.69431607666,3.50100833990674,0.1736934930086136
img_0164.png,img_034.png,796,contrast,3,0.6,13.759241104125977,3.0,7381.490499187176,4797.057954421177,265.5,3133.69431607666,3.50100833990674,0.17178940773010254
img_0165.png,img_034.png,796,contrast,4,0.45,13.759241104125977,3.0,7381.490499187176,4797.057954421177,265.5,3133.69431607666,3.50100833990674,0.16902726888656616
img_0166.png,img_034.png,796,contrast,5,0.3,13.759241104125977,3.0,7381.490499187176,4797.057954421177,265.5,3133.69431607666,3.50100833990674,0.1669960916042328
img_0167.png,img_034.png,796,noise,1,0.01,13.759241104125977,3.0,7381.490499187176,4797.057954421177,265.5,3133.69431607666,3.50100833990674,0.17586040496826172
img_0168.png,img_034.png,796,noise,2,0.02,13.759241104125977,3.0,7381.490499187176,4797.057954421177,265.5,3133.69431607666,3.50100833990674,0.177863210439682
img_0169.png,img_034.png,796,noise,3,0.04,13.759241104125977,3.0,7381.490499187176,4797.057954421177,265.5,3133.69431607666,3.50100833990674,0.18385475873947144
img_0170.png,img_034.png,796,noise,4,0.08,13.759241104125977,3.0,7381.490499187176,4797.057954421177,265.5,3133.69431607666,3.50100833990674,0.3001970648765564
img_0171.png,img_034.png,796,noise,5,0.15,13.759241104125977,3.0,7381.490499187176,4797.057954421177,265.5,3133.69431607666,3.50100833990674,0.28239572048187256
img_0172.png,img_034.png,796,blur,1,0.5,13.759241104125977,3.0,7381.490499187176,4797.057954421177,265.5,3133.69431607666,3.50100833990674,0.17581558227539062
img_0173.png,img_034.png,796,blur,2,1.0,13.759241104125977,3.0,7381.490499187176,4797.057954421177,265.5,3133.69431607666,3.50100833990674,0.17004674673080444
img_0174.png,img_034.png,796,blur,3,2.0,13.759241104125977,3.0,7381.490499187176,4797.057954421177,265.5,3133.69431607666,3.50100833990674,0.22149498760700226
img_0175.png,img_034.png,796,blur,4,3.5,13.759241104125977,3.0,7381.490499187176,4797.057954421177,265.5,3133.69431607666,3.50100833990674,0.2437742054462433
img_0176.png,img_034.png,796,blur,5,6.0,13.759241104125977,3.0,7381.490499187176,4797.057954421177,265.5,3133.69431607666,3.50100833990674,0.30914971232414246
img_0177.png,img_034.png,796,resolution,1,1.5,13.759241104125977,3.0,7381.490499187176,4797.057954421177,265.5,3133.69431607666,3.50100833990674,0.18653318285942078
img_0178.png,img_034.png,796,resolution,2,2.0,13.759241104125977,3.0,7381.490499187176,4797.057954421177,265.5,3133.69431607666,3.50100833990674,0.1869678944349289
img_0179.png,img_034.png,796,resolution,3,3.0,13.759241104125977,3.0,7381.490499187176,4797.057954421177,265.5,3133.69431607666,3.50100833990674,0.19248099625110626
img_0180.png,img_034.png,796,resolution,4,4.0,13.759241104125977,3.0,7381.490499187176,4797.057954421177,265.5,3133.69431607666,3.50100833990674,0.19968223571777344
img_0181.png,img_034.png,796,resolution,5,6.0,13.759241104125977,3.0,7381.490499187176,4797.057954421177,265.5,3133.69431607666,3.50100833990674,0.22771020233631134
img_0182.png,img_069.png,807,clean,0,0.0,13.70228099822998,3.0,7381.490499187176,4797.057954421177,265.5,3133.69431607666,3.50100833990674,0.16827522218227386
img_0183.png,img_069.png,807,brightness,1,0.02,13.70228099822998,3.0,7381.490499187176,4797.057954421177,265.5,3133.69431607666,3.50100833990674,0.16836708784103394
img_0184.png,img_069.png,807,brightness,2,0.05,13.70228099822998,3.0,7381.490499187176,4797.057954421177,265.5,3133.69431607666,3.50100833990674,0.16879048943519592
img_0185.png,img_069.png,807,brightness,3,0.1,13.70228099822998,3.0,7381.490499187176,4797.057954421177,265.5,3133.69431607666,3.50100833990674,0.17039111256599426
img_0186.png,img_069.png,807,brightness,4,0.2,13.70228099822998,3.0,7381.490499187176,4797.057954421177,265.5,3133.69431607666,3.50100833990674,0.17289957404136658
img_0187.png,img_069.png,807,brightness,5,0.35,13.70228099822998,3.0,7381.490499187176,4797.057954421177,265.5,3133.69431607666,3.50100833990674,0.19355040788650513
img_0188.png,img_069.png,807,contrast,1,0.9,13.70228099822998,3.0,7381.490499187176,4797.057954421177,265.5,3133.69431607666,3.50100833990674,0.1692485213279724
img_0189.png,img_069.png,807,contrast,2,0.75,13.70228099822998,3.0,7381.490499187176,4797.057954421177,265.5,3133.69431607666,3.50100833990674,0.1705119013786316
img_0190.png,img_069.png,807,contrast,3,0.6,13.70228099822998,3.0,7381.490499187176,4797.057954421177,265.5,3133.69431607666,3.50100833990674,0.16884568333625793
img_0191.png,img_069.png,807,contrast,4,0.45,13.70228099822998,3.0,7381.490499187176,4797.057954421177,265.5,3133.69431607666,3.50100833990674,0.16715945303440094
img_0192.png,img_069.png,807,contrast,5,0.3,13.70228099822998,3.0,7381.490499187176,4797.057954421177,265.5,3133.69431607666,3.50100833990674,0.1710052192211151
img_0193.png,img_069.png,807,noise,1,0.01,13.70228099822998,3.0,7381.490499187176,4797.057954421177,265.5,3133.69431607666,3.50100833990674,0.17321322858333588
img_0194.png,img_069.png,807,noise,2,0.02,13.70228099822998,3.0,7381.490499187176,4797.057954421177,265.5,3133.69431607666,3.50100833990674,0.16432221233844757
img_0195.png,img_069.png,807,noise,3,0.04,13.70228099822998,3.0,7381.490499187176,4797.057954421177,265.5,3133.69431607666,3.50100833990674,0.1653527468442917
img_0196.png,img_069.png,807,noise,4,0.08,13.70228099822998,3.0,7381.490499187176,4797.057954421177,265.5,3133.69431607666,3.50100833990674,0.24395737051963806
img_0197.png,img_069.png,807,noise,5,0.15,13.70228099822998,3.0,7381.490499187176,4797.057954421177,265.5,3133.69431607666,3.50100833990674,0.2962515354156494
img_0198.png,img_069.png,807,blur,1,0.5,13.70228099822998,3.0,7381.490499187176,4797.057954421177,265.5,3133.69431607666,3.50100833990674,0.16258390247821808
img_0199.png,img_069.png,807,blur,2,1.0,13.70228099822998,3.0,7381.490499187176,4797.057954421177,265.5,3133.69431607666,3.50100833990674,0.16067929565906525
img_0200.png,img_069.png,807,blur,3,2.0,13.70228099822998,3.0,7381.490499187176,4797.057954421177,265.5,3133.69431607666,3.50100833990674,0.21352291107177734
img_0201.png,img_069.png,807,blur,4,3.5,13.70228099822998,3.0,7381.490499187176,4797.057954421177,265.5,3133.69431607666,3.50100833990674,0.2516314685344696
img_0202.png,img_069.png,807,blur,5,6.0,13.70228099822998,3.0,7381.490499187176,4797.057954421177,265.5,3133.69431607666,3.50100833990674,0.27553805708885193
img_0203.png,img_069.png,807,resolution,1,1.5,13.70228099822998,3.0,7381.490499187176,4797.057954421177,265.5,3133.69431607666,3.50100833990674,0.1724424809217453
img_0204.png,img_069.png,807,resolution,2,2.0,13.70228099822998,3.0,7381.490499187176,4797.057954421177,265.5,3133.69431607666,3.50100833990674,0.169982448220253
img_0205.png,img_069.png,807,resolution,3,3.0,13.70228099822998,3.0,7381.490499187176,4797.057954421177,265.5,3133.69431607666,3.50100833990674,0.17919208109378815
img_0206.png,img_069.png,807,resolution,4,4.0,13.70228099822998,3.0,7381.490499187176,4797.057954421177,265.5,3133.69431607666,3.50100833990674,0.20146498084068298
img_0207.png,img_069.png,807,resolution,5,6.0,13.70228099822998,3.0,7381.490499187176,4797.057954421177,265.5,3133.69431607666,3.50100833990674,0.23506802320480347
img_0208.png,img_003.png,822,clean,0,0.0,13.52490520477295,3.0,7381.490499187176,4797.057954421177,265.5,3133.69431607666,3.50100833990674,0.17156384885311127
img_0209.png,img_003.png,822,brightness,1,0.02,13.52490520477295,3.0,7381.490499187176,4797.057954421177,265.5,3133.69431607666,3.50100833990674,0.17073564231395721
img_0210.png,img_003.png,822,brightness,2,0.05,13.52490520477295,3.0,7381.490499187176,4797.057954421177,265.5,3133.69431607666,3.50100833990674,0.16954252123832703
img_0211.png,img_003.png,822,brightness,3,0.1,13.52490520477295,3.0,7381.490499187176,4797.057954421177,265.5,3133.69431607666,3.50100833990674,0.17022322118282318
img_0212.png,img_003.png,822,brightness,4,0.2,13.52490520477295,3.0,7381.490499187176,4797.057954421177,265.5,3133.69431607666,3.50100833990674,0.17139136791229248
img_0213.png,img_003.png,822,brightness,5,0.35,13.52490520477295,3.0,7381.490499187176,4797.057954421177,265.5,3133.69431607666,3.50100833990674,0.18769168853759766
img_0214.png,img_003.png,822,contrast,1,0.9,13.52490520477295,3.0,7381.490499187176,4797.057954421177,265.5,3133.69431607666,3.50100833990674,0.17266641557216644
img_0215.png,img_003.png,822,contrast,2,0.75,13.52490520477295,3.0,7381.490499187176,4797.057954421177,265.5,3133.69431607666,3.50100833990674,0.17121338844299316
img_0216.png,img_003.png,822,contrast,3,0.6,13.52490520477295,3.0,7381.490499187176,4797.057954421177,265.5,3133.69431607666,3.50100833990674,0.1711699515581131
img_0217.png,img_003.png,822,contrast,4,0.45,13.52490520477295,3.0,7381.490499187176,4797.057954421177,265.5,3133.69431607666,3.50100833990674,0.17289209365844727
img_0218.png,img_003.png,822,contrast,5,0.3,13.52490520477295,3.0,7381.490499187176,4797.057954421177,265.5,3133.69431607666,3.50100833990674,0.17734099924564362
img_0219.png,img_003.png,822,noise,1,0.01,13.52490520477295,3.0,7381.490499187176,4797.057954421177,265.5,3133.69431607666,3.50100833990674,0.17743611335754395
img_0220.png,img_003.png,822,noise,2,0.02,13.52490520477295,3.0,7381.490499187176,4797.057954421177,265.5,3133.69431607666,3.50100833990674,0.17660774290561676
img_0221.png,img_003.png,822,noise,3,0.04,13.52490520477295,3.0,7381.490499187176,4797.057954421177,265.5,3133.69431607666,3.50100833990674,0.19085931777954102
img_0222.png,img_003.png,822,noise,4,0.08,13.52490520477295,3.0,7381.490499187176,4797.057954421177,265.5,3133.69431607666,3.50100833990674,0.2685955762863159
img_0223.png,img_003.png,822,noise,5,0.15,13.52490520477295,3.0,7381.490499187176,4797.057954421177,265.5,3133.69431607666,3.50100833990674,0.28904399275779724
img_0224.png,img_003.png,822,blur,1,0.5,13.52490520477295,3.0,7381.490499187176,4797.057954421177,265.5,3133.69431607666,3.50100833990674,0.17289049923419952
img_0225.png,img_003.png,822,blur,2,1.0,13.52490520477295,3.0,7381.490499187176,4797.057954421177,265.5,3133.69431607666,3.50100833990674,0.17221765220165253
img_0226.png,img_003.png,822,blur,3,2.0,13.52490520477295,3.0,7381.490499187176,4797.057954421177,265.5,3133.69431607666,3.50100833990674,0.22905370593070984
img_0227.png,img_003.png,822,blur,4,3.5,13.52490520477295,3.0,7381.490499187176,4797.057954421177,265.5,3133.69431607666,3.50100833990674,0.26577359437942505
img_0228.png,img_003.png,822,blur,5,6.0,13.52490520477295,3.0,7381.490499187176,4797.057954421177,265.5,3133.69431607666,3.50100833990674,0.3288704454898834
img_0229.png,img_003.png,822,resolution,1,1.5,13.52490520477295,3.0,7381.490499187176,4797.057954421177,265.5,3133.69431607666,3.50100833990674,0.1812150478363037
img_0230.png,img_003.png,822,resolution,2,2.0,13.52490520477295,3.0,7381.490499187176,4797.057954421177,265.5,3133.69431607666,3.50100833990674,0.17901504039764404
img_0231.png,img_003.png,822,resolution,3,3.0,13.52490520477295,3.0,7381.490499187176,4797.057954421177,265.5,3133.69431607666,3.50100833990674,0.20429165661334991
img_0232.png,img_003.png,822,resolution,4,4.0,13.52490520477295,3.0,7381.490499187176,4797.057954421177,265.5,3133.69431607666,3.50100833990674,0.22791337966918945
img_0233.png,img_003.png,822,resolution,5,6.0,13.52490520477295,3.0,7381.490499187176,4797.057954421177,265.5,3133.69431607666,3.50100833990674,0.246824249625206
img_0234.png,img_052.png,833,clean,0,0.0,13.337879180908203,3.0,7381.490499187176,4797.057954421177,265.5,3133.69431607666,3.50100833990674,0.22185085713863373
img_0235.png,img_052.png,833,brightness,1,0.02,13.337879180908203,3.0,7381.490499187176,4797.057954421177,265.5,3133.69431607666,3.50100833990674,0.21758875250816345
img_0236.png,img_052.png,833,brightness,2,0.05,13.337879180908203,3.0,7381.490499187176,4797.057954421177,265.5,3133.69431607666,3.50100833990674,0.21337850391864777
img_0237.png,img_052.png,833,brightness,3,0.1,13.337879180908203,3.0,7381.490499187176,4797.057954421177,265.5,3133.69431607666,3.50100833990674,0.20712164044380188
img_0238.png,img_052.png,833,brightness,4,0.2,13.337879180908203,3.0,7381.490499187176,4797.057954421177,265.5,3133.69431607666,3.50100833990674,0.20578530430793762
img_0239.png,img_052.png,833,brightness,5,0.35,13.337879180908203,3.0,7381.490499187176,4797.057954421177,265.5,3133.69431607666,3.50100833990674,0.21514615416526794
img_0240.png,img_052.png,833,contrast,1,0.9,13.337879180908203,3.0,7381.490499187176,4797.057954421177,265.5,3133.69431607666,3.50100833990674,0.21981850266456604
img_0241.png,img_052.png,833,contrast,2,0.75,13.337879180908203,3.0,7381.490499187176,4797.057954421177,265.5,3133.69431607666,3.50100833990674,0.21791018545627594
img_0242.png,img_052.png,833,contrast,3,0.6,13.337879180908203,3.0,7381.490499187176,4797.057954421177,265.5,3133.69431607666,3.50100833990674,0.21842126548290253
img_0243.png,img_052.png,833,contrast,4,0.45,13.337879180908203,3.0,7381.490499187176,4797.057954421177,265.5,3133.69431607666,3.50100833990674,0.21912555396556854
img_0244.png,img_052.png,833,contrast,5,0.3,13.337879180908203,3.0,7381.490499187176,4797.057954421177,265.5,3133.69431607666,3.50100833990674,0.21922580897808075
img_0245.png,img_052.png,833,noise,1,0.01,13.337879180908203,3.0,7381.490499187176,4797.057954421177,265.5,3133.69431607666,3.50100833990674,0.21476948261260986
img_0246.png,img_052.png,833,noise,2,0.02,13.337879180908203,3.0,7381.490499187176,4797.057954421177,265.5,3133.69431607666,3.50100833990674,0.20672541856765747
img_0247.png,img_052.png,833,noise,3,0.04,13.337879180908203,3.0,7381.490499187176,4797.057954421177,265.5,3133.69431607666,3.50100833990674,0.21002095937728882
img_0248.png,img_052.png,833,noise,4,0.08,13.337879180908203,3.0,7381.490499187176,4797.057954421177,265.5,3133.69431607666,3.50100833990674,0.28217408061027527
img_0249.png,img_052.png,833,noise,5,0.15,13.337879180908203,3.0,7381.490499187176,4797.057954421177,265.5,3133.69431607666,3.50100833990674,0.30603986978530884
img_0250.png,img_052.png,833,blur,1,0.5,13.337879180908203,3.0,7381.490499187176,4797.057954421177,265.5,3133.69431607666,3.50100833990674,0.21594861149787903
img_0251.png,img_052.png,833,blur,2,1.0,13.337879180908203,3.0,7381.490499187176,4797.057954421177,265.5,3133.69431607666,3.50100833990674,0.2045493870973587
img_0252.png,img_052.png,833,blur,3,2.0,13.337879180908203,3.0,7381.490499187176,4797.057954421177,265.5,3133.69431607666,3.50100833990674,0.24896439909934998
img_0253.png,img_052.png,833,blur,4,3.5,13.337879180908203,3.0,7381.490499187176,4797.057954421177,265.5,3133.69431607666,3.50100833990674,0.2849721908569336
img_0254.png,img_052.png,833,blur,5,6.0,13.337879180908203,3.0,7381.490499187176,4797.057954421177,265.5,3133.69431607666,3.50100833990674,0.3209504187107086
img_0255.png,img_052.png,833,resolution,1,1.5,13.337879180908203,3.0,7381.490499187176,4797.057954421177,265.5,3133.69431607666,3.50100833990674,0.22107064723968506
img_0256.png,img_052.png,833,resolution,2,2.0,13.337879180908203,3.0,7381.490499187176,4797.057954421177,265.5,3133.69431607666,3.50100833990674,0.20903433859348297
img_0257.png,img_052.png,833,resolution,3,3.0,13.337879180908203,3.0,7381.490499187176,4797.057954421177,265.5,3133.69431607666,3.50100833990674,0.24243047833442688
img_0258.png,img_052.png,833,resolution,4,4.0,13.337879180908203,3.0,7381.490499187176,4797.057954421177,265.5,3133.69431607666,3.50100833990674,0.2451893389225006
img_0259.png,img_052.png,833,resolution,5,6.0,13.337879180908203,3.0,7381.490499187176,4797.057954421177,265.5,3133.69431607666,3.50100833990674,0.26924410462379456
img_0260.png,img_068.png,847,clean,0,0.0,13.243905067443848,3.0,7381.490499187176,4797.057954421177,265.5,3133.69431607666,3.50100833990674,0.16688072681427002
img_0261.png,img_068.png,847,brightness,1,0.02,13.243905067443848,3.0,7381.490499187176,4797.057954421177,265.5,3133.69431607666,3.50100833990674,0.16486576199531555
img_0262.png,img_068.png,847,brightness,2,0.05,13.243905067443848,3.0,7381.490499187176,4797.057954421177,265.5,3133.69431607666,3.50100833990674,0.16243873536586761
img_0263.png,img_068.png,847,brightness,3,0.1,13.243905067443848,3.0,7381.490499187176,4797.057954421177,265.5,3133.69431607666,3.50100833990674,0.1623843014240265
img_0264.png,img_068.png,847,brightness,4,0.2,13.243905067443848,3.0,7381.490499187176,4797.057954421177,265.5,3133.69431607666,3.50100833990674,0.16339334845542908
img_0265.png,img_068.png,847,brightness,5,0.35,13.243905067443848,3.0,7381.490499187176,4797.057954421177,265.5,3133.69431607666,3.50100833990674,0.18995477259159088
img_0266.png,img_068.png,847,contrast,1,0.9,13.243905067443848,3.0,7381.490499187176,4797.057954421177,265.5,3133.69431607666,3.50100833990674,0.16557292640209198
img_0267.png,img_068.png,847,contrast,2,0.75,13.243905067443848,3.0,7381.490499187176,4797.057954421177,265.5,3133.69431607666,3.50100833990674,0.16470009088516235
img_0268.png,img_068.png,847,contrast,3,0.6,13.243905067443848,3.0,7381.490499187176,4797.057954421177,265.5,3133.69431607666,3.50100833990674,0.16267621517181396
img_0269.png,img_068.png,847,contrast,4,0.45,13.243905067443848,3.0,7381.490499187176,4797.057954421177,265.5,3133.69431607666,3.50100833990674,0.16223980486392975
img_0270.png,img_068.png,847,contrast,5,0.3,13.243905067443848,3.0,7381.490499187176,4797.057954421177,265.5,3133.69431607666,3.50100833990674,0.16825097799301147
img_0271.png,img_068.png,847,noise,1,0.01,13.243905067443848,3.0,7381.490499187176,4797.057954421177,265.5,3133.69431607666,3.50100833990674,0.17020440101623535
img_0272.png,img_068.png,847,noise,2,0.02,13.243905067443848,3.0,7381.490499187176,4797.057954421177,265.5,3133.69431607666,3.50100833990674,0.16630810499191284
img_0273.png,img_068.png,847,noise,3,0.04,13.243905067443848,3.0,7381.490499187176,4797.057954421177,265.5,3133.69431607666,3.50100833990674,0.17920972406864166
img_0274.png,img_068.png,847,noise,4,0.08,13.243905067443848,3.0,7381.490499187176,4797.057954421177,265.5,3133.69431607666,3.50100833990674,0.2456672042608261
img_0275.png,img_068.png,847,noise,5,0.15,13.243905067443848,3.0,7381.490499187176,4797.057954421177,265.5,3133.69431607666,3.50100833990674,0.2867017090320587
img_0276.png,img_068.png,847,blur,1,0.5,13.243905067443848,3.0,7381.490499187176,4797.057954421177,265.5,3133.69431607666,3.50100833990674,0.16685819625854492
img_0277.png,img_068.png,847,blur,2,1.0,13.243905067443848,3.0,7381.490499187176,4797.057954421177,265.5,3133.69431607666,3.50100833990674,0.17679978907108307
img_0278.png,img_068.png,847,blur,3,2.0,13.243905067443848,3.0,7381.490499187176,4797.057954421177,265.5,3133.69431607666,3.50100833990674,0.2096853405237198
img_0279.png,img_068.png,847,blur,4,3.5,13.243905067443848,3.0,7381.490499187176,4797.057954421177,265.5,3133.69431607666,3.50100833990674,0.2525840401649475
img_0280.png,img_068.png,847,blur,5,6.0,13.243905067443848,3.0,7381.490499187176,4797.057954421177,265.5,3133.69431607666,3.50100833990674,0.2708222270011902
img_0281.png,img_068.png,847,resolution,1,1.5,13.243905067443848,3.0,7381.490499187176,4797.057954421177,265.5,3133.69431607666,3.50100833990674,0.1712222546339035
img_0282.png,img_068.png,847,resolution,2,2.0,13.243905067443848,3.0,7381.490499187176,4797.057954421177,265.5,3133.69431607666,3.50100833990674,0.1697012186050415
img_0283.png,img_068.png,847,resolution,3,3.0,13.243905067443848,3.0,7381.490499187176,4797.057954421177,265.5,3133.69431607666,3.50100833990674,0.18782612681388855
img_0284.png,img_068.png,847,resolution,4,4.0,13.243905067443848,3.0,7381.490499187176,4797.057954421177,265.5,3133.69431607666,3.50100833990674,0.20821495354175568
img_0285.png,img_068.png,847,resolution,5,6.0,13.243905067443848,3.0,7381.490499187176,4797.057954421177,265.5,3133.69431607666,3.50100833990674,0.2500498592853546
img_0286.png,img_004.png,858,clean,0,0.0,13.299863815307615,3.0,7381.490499187176,4797.057954421177,265.5,3133.69431607666,3.50100833990674,0.18074741959571838
img_0287.png,img_004.png,858,brightness,1,0.02,13.299863815307615,3.0,7381.490499187176,4797.057954421177,265.5,3133.69431607666,3.50100833990674,0.18103404343128204
img_0288.png,img_004.png,858,brightness,2,0.05,13.299863815307615,3.0,7381.490499187176,4797.057954421177,265.5,3133.69431607666,3.50100833990674,0.17987854778766632
img_0289.png,img_004.png,858,brightness,3,0.1,13.299863815307615,3.0,7381.490499187176,4797.057954421177,265.5,3133.69431607666,3.50100833990674,0.18130052089691162
img_0290.png,img_004.png,858,brightness,4,0.2,13.299863815307615,3.0,7381.490499187176,4797.057954421177,265.5,3133.69431607666,3.50100833990674,0.18094398081302643
img_0291.png,img_004.png,858,brightness,5,0.35,13.299863815307615,3.0,7381.490499187176,4797.057954421177,265.5,3133.69431607666,3.50100833990674,0.18951205909252167
img_0292.png,img_004.png,858,contrast,1,0.9,13.299863815307615,3.0,7381.490499187176,4797.057954421177,265.5,3133.69431607666,3.50100833990674,0.180491641163826
img_0293.png,img_004.png,858,contrast,2,0.75,13.299863815307615,3.0,7381.490499187176,4797.057954421177,265.5,3133.69431607666,3.50100833990674,0.17795613408088684
img_0294.png,img_004.png,858,contrast,3,0.6,13.299863815307615,3.0,7381.490499187176,4797.057954421177,265.5,3133.69431607666,3.50100833990674,0.17430183291435242
img_0295.png,img_004.png,858,contrast,4,0.45,13.299863815307615,3.0,7381.490499187176,4797.057954421177,265.5,3133.69431607666,3.50100833990674,0.1713980734348297
img_0296.png,img_004.png,858,contrast,5,0.3,13.299863815307615,3.0,7381.490499187176,4797.057954421177,265.5,3133.69431607666,3.50100833990674,0.17267656326293945
img_0297.png,img_004.png,858,noise,1,0.01,13.299863815307615,3.0,7381.490499187176,4797.057954421177,265.5,3133.69431607666,3.50100833990674,0.1973930448293686
img_0298.png,img_004.png,858,noise,2,0.02,13.299863815307615,3.0,7381.490499187176,4797.057954421177,265.5,3133.69431607666,3.50100833990674,0.19852717220783234
img_0299.png,img_004.png,858,noise,3,0.04,13.299863815307615,3.0,7381.490499187176,4797.057954421177,265.5,3133.69431607666,3.50100833990674,0.1945553570985794
img_0300.png,img_004.png,858,noise,4,0.08,13.299863815307615,3.0,7381.490499187176,4797.057954421177,265.5,3133.69431607666,3.50100833990674,0.27029216289520264
img_0301.png,img_004.png,858,noise,5,0.15,13.299863815307615,3.0,7381.490499187176,4797.057954421177,265.5,3133.69431607666,3.50100833990674,0.28592395782470703
img_0302.png,img_004.png,858,blur,1,0.5,13.299863815307615,3.0,7381.490499187176,4797.057954421177,265.5,3133.69431607666,3.50100833990674,0.17671306431293488
img_0303.png,img_004.png,858,blur,2,1.0,13.299863815307615,3.0,7381.490499187176,4797.057954421177,265.5,3133.69431607666,3.50100833990674,0.17458900809288025
img_0304.png,img_004.png,858,blur,3,2.0,13.299863815307615,3.0,7381.490499187176,4797.057954421177,265.5,3133.69431607666,3.50100833990674,0.21398910880088806
img_0305.png,img_004.png,858,blur,4,3.5,13.299863815307615,3.0,7381.490499187176,4797.057954421177,265.5,3133.69431607666,3.50100833990674,0.22751915454864502
img_0306.png,img_004.png,858,blur,5,6.0,13.299863815307615,3.0,7381.490499187176,4797.057954421177,265.5,3133.69431607666,3.50100833990674,0.3205150365829468
img_0307.png,img_004.png,858,resolution,1,1.5,13.299863815307615,3.0,7381.490499187176,4797.057954421177,265.5,3133.69431607666,3.50100833990674,0.2073294222354889
img_0308.png,img_004.png,858,resolution,2,2.0,13.299863815307615,3.0,7381.490499187176,4797.057954421177,265.5,3133.69431607666,3.50100833990674,0.19765934348106384
img_0309.png,img_004.png,858,resolution,3,3.0,13.299863815307615,3.0,7381.490499187176,4797.057954421177,265.5,3133.69431607666,3.50100833990674,0.22663384675979614
img_0310.png,img_004.png,858,resolution,4,4.0,13.299863815307615,3.0,7381.490499187176,4797.057954421177,265.5,3133.69431607666,3.50100833990674,0.23575419187545776
img_0311.png,img_004.png,858,resolution,5,6.0,13.299863815307615,3.0,7381.490499187176,4797.057954421177,265.5,3133.69431607666,3.50100833990674,0.24778087437152863
img_0312.png,img_098.png,873,clean,0,0.0,13.531258583068848,3.0,7381.490499187176,4797.057954421177,265.5,3133.69431607666,3.50100833990674,0.1621541976928711
img_0313.png,img_098.png,873,brightness,1,0.02,13.531258583068848,3.0,7381.490499187176,4797.057954421177,265.5,3133.69431607666,3.50100833990674,0.1626015305519104
img_0314.png,img_098.png,873,brightness,2,0.05,13.531258583068848,3.0,7381.490499187176,4797.057954421177,265.5,3133.69431607666,3.50100833990674,0.16208556294441223
img_0315.png,img_098.png,873,brightness,3,0.1,13.531258583068848,3.0,7381.490499187176,4797.057954421177,265.5,3133.69431607666,3.50100833990674,0.15968333184719086
img_0316.png,img_098.png,873,brightness,4,0.2,13.531258583068848,3.0,7381.490499187176,4797.057954421177,265.5,3133.69431607666,3.50100833990674,0.16241753101348877
img_0317.png,img_098.png,873,brightness,5,0.35,13.531258583068848,3.0,7381.490499187176,4797.057954421177,265.5,3133.69431607666,3.50100833990674,0.17686788737773895
img_0318.png,img_098.png,873,contrast,1,0.9,13.531258583068848,3.0,7381.490499187176,4797.057954421177,265.5,3133.69431607666,3.50100833990674,0.1644921898841858
img_0319.png,img_098.png,873,contrast,2,0.75,13.531258583068848,3.0,7381.490499187176,4797.057954421177,265.5,3133.69431607666,3.50100833990674,0.16206887364387512
img_0320.png,img_098.png,873,contrast,3,0.6,13.531258583068848,3.0,7381.490499187176,4797.057954421177,265.5,3133.69431607666,3.50100833990674,0.15958455204963684
img_0321.png,img_098.png,873,contrast,4,0.45,13.531258583068848,3.0,7381.490499187176,4797.057954421177,265.5,3133.69431607666,3.50100833990674,0.15843938291072845
img_0322.png,img_098.png,873,contrast,5,0.3,13.531258583068848,3.0,7381.490499187176,4797.057954421177,265.5,3133.69431607666,3.50100833990674,0.1623518019914627
img_0323.png,img_098.png,873,noise,1,0.01,13.531258583068848,3.0,7381.490499187176,4797.057954421177,265.5,3133.69431607666,3.50100833990674,0.17139862477779388
img_0324.png,img_098.png,873,noise,2,0.02,13.531258583068848,3.0,7381.490499187176,4797.057954421177,265.5,3133.69431607666,3.50100833990674,0.16808153688907623
img_0325.png,img_098.png,873,noise,3,0.04,13.531258583068848,3.0,7381.490499187176,4797.057954421177,265.5,3133.69431607666,3.50100833990674,0.19079217314720154
img_0326.png,img_098.png,873,noise,4,0.08,13.531258583068848,3.0,7381.490499187176,4797.057954421177,265.5,3133.69431607666,3.50100833990674,0.28333938121795654
img_0327.png,img_098.png,873,noise,5,0.15,13.531258583068848,3.0,7381.490499187176,4797.057954421177,265.5,3133.69431607666,3.50100833990674,0.28777265548706055
img_0328.png,img_098.png,873,blur,1,0.5,13.531258583068848,3.0,7381.490499187176,4797.057954421177,265.5,3133.69431607666,3.50100833990674,0.15932492911815643
img_0329.png,img_098.png,873,blur,2,1.0,13.531258583068848,3.0,7381.490499187176,4797.057954421177,265.5,3133.69431607666,3.50100833990674,0.16195620596408844
img_0330.png,img_098.png,873,blur,3,2.0,13.531258583068848,3.0,7381.490499187176,4797.057954421177,265.5,3133.69431607666,3.50100833990674,0.18634161353111267
img_0331.png,img_098.png,873,blur,4,3.5,13.531258583068848,3.0,7381.490499187176,4797.057954421177,265.5,3133.69431607666,3.50100833990674,0.2466345578432083
img_0332.png,img_098.png,873,blur,5,6.0,13.531258583068848,3.0,7381.490499187176,4797.057954421177,265.5,3133.69431607666,3.50100833990674,0.3158852159976959
img_0333.png,img_098.png,873,resolution,1,1.5,13.531258583068848,3.0,7381.490499187176,4797.057954421177,265.5,3133.69431607666,3.50100833990674,0.1630961000919342
img_0334.png,img_098.png,873,resolution,2,2.0,13.531258583068848,3.0,7381.490499187176,4797.057954421177,265.5,3133.69431607666,3.50100833990674,0.15532931685447693
img_0335.png,img_098.png,873,resolution,3,3.0,13.531258583068848,3.0,7381.490499187176,4797.057954421177,265.5,3133.69431607666,3.50100833990674,0.1795082688331604
img_0336.png,img_098.png,873,resolution,4,4.0,13.531258583068848,3.0,7381.490499187176,4797.057954421177,265.5,3133.69431607666,3.50100833990674,0.20363950729370117
img_0337.png,img_098.png,873,resolution,5,6.0,13.531258583068848,3.0,7381.490499187176,4797.057954421177,265.5,3133.69431607666,3.50100833990674,0.24860480427742004
img_0338.png,img_039.png,884,clean,0,0.0,13.57638931274414,3.0,7381.490499187176,4797.057954421177,265.5,3133.69431607666,3.50100833990674,0.20402729511260986
img_0339.png,img_039.png,884,brightness,1,0.02,13.57638931274414,3.0,7381.490499187176,4797.057954421177,265.5,3133.69431607666,3.50100833990674,0.20284587144851685
img_0340.png,img_039.png,884,brightness,2,0.05,13.57638931274414,3.0,7381.490499187176,4797.057954421177,265.5,3133.69431607666,3.50100833990674,0.2020154893398285
img_0341.png,img_039.png,884,brightness,3,0.1,13.57638931274414,3.0,7381.490499187176,4797.057954421177,265.5,3133.69431607666,3.50100833990674,0.20118221640586853
img_0342.png,img_039.png,884,brightness,4,0.2,13.57638931274414,3.0,7381.490499187176,4797.057954421177,265.5,3133.69431607666,3.50100833990674,0.19240599870681763
img_0343.png,img_039.png,884,brightness,5,0.35,13.57638931274414,3.0,7381.490499187176,4797.057954421177,265.5,3133.69431607666,3.50100833990674,0.19142523407936096
img_0344.png,img_039.png,884,contrast,1,0.9,13.57638931274414,3.0,7381.490499187176,4797.057954421177,265.5,3133.69431607666,3.50100833990674,0.20383571088314056
img_0345.png,img_039.png,884,contrast,2,0.75,13.57638931274414,3.0,7381.490499187176,4797.057954421177,265.5,3133.69431607666,3.50100833990674,0.20530223846435547
img_0346.png,img_039.png,884,contrast,3,0.6,13.57638931274414,3.0,7381.490499187176,4797.057954421177,265.5,3133.69431607666,3.50100833990674,0.20076408982276917
img_0347.png,img_039.png,884,contrast,4,0.45,13.57638931274414,3.0,7381.490499187176,4797.057954421177,265.5,3133.69431607666,3.50100833990674,0.19506315886974335
img_0348.png,img_039.png,884,contrast,5,0.3,13.57638931274414,3.0,7381.490499187176,4797.057954421177,265.5,3133.69431607666,3.50100833990674,0.19305109977722168
img_0349.png,img_039.png,884,noise,1,0.01,13.57638931274414,3.0,7381.490499187176,4797.057954421177,265.5,3133.69431607666,3.50100833990674,0.21369034051895142
img_0350.png,img_039.png,884,noise,2,0.02,13.57638931274414,3.0,7381.490499187176,4797.057954421177,265.5,3133.69431607666,3.50100833990674,0.20635159313678741
img_0351.png,img_039.png,884,noise,3,0.04,13.57638931274414,3.0,7381.490499187176,4797.057954421177,265.5,3133.69431607666,3.50100833990674,0.19212229549884796
img_0352.png,img_039.png,884,noise,4,0.08,13.57638931274414,3.0,7381.490499187176,4797.057954421177,265.5,3133.69431607666,3.50100833990674,0.2880723774433136
img_0353.png,img_039.png,884,noise,5,0.15,13.57638931274414,3.0,7381.490499187176,4797.057954421177,265.5,3133.69431607666,3.50100833990674,0.2832115888595581
img_0354.png,img_039.png,884,blur,1,0.5,13.57638931274414,3.0,7381.490499187176,4797.057954421177,265.5,3133.69431607666,3.50100833990674,0.1942543238401413
img_0355.png,img_039.png,884,blur,2,1.0,13.57638931274414,3.0,7381.490499187176,4797.057954421177,265.5,3133.69431607666,3.50100833990674,0.18679524958133698
img_0356.png,img_039.png,884,blur,3,2.0,13.57638931274414,3.0,7381.490499187176,4797.057954421177,265.5,3133.69431607666,3.50100833990674,0.23277436196804047
img_0357.png,img_039.png,884,blur,4,3.5,13.57638931274414,3.0,7381.490499187176,4797.057954421177,265.5,3133.69431607666,3.50100833990674,0.25417181849479675
img_0358.png,img_039.png,884,blur,5,6.0,13.57638931274414,3.0,7381.490499187176,4797.057954421177,265.5,3133.69431607666,3.50100833990674,0.2870376408100128
img_0359.png,img_039.png,884,resolution,1,1.5,13.57638931274414,3.0,7381.490499187176,4797.057954421177,265.5,3133.69431607666,3.50100833990674,0.20810145139694214
img_0360.png,img_039.png,884,resolution,2,2.0,13.57638931274414,3.0,7381.490499187176,4797.057954421177,265.5,3133.69431607666,3.50100833990674,0.2051059603691101
img_0361.png,img_039.png,884,resolution,3,3.0,13.57638931274414,3.0,7381.490499187176,4797.057954421177,265.5,3133.69431607666,3.50100833990674,0.20082256197929382
img_0362.png,img_039.png,884,resolution,4,4.0,13.57638931274414,3.0,7381.490499187176,4797.057954421177,265.5,3133.69431607666,3.50100833990674,0.20332148671150208
img_0363.png,img_039.png,884,resolution,5,6.0,13.57638931274414,3.0,7381.490499187176,4797.057954421177,265.5,3133.69431607666,3.50100833990674,0.2357892096042633
img_0364.png,img_031.png,899,clean,0,0.0,13.483351707458496,3.0,7381.490499187176,4797.057954421177,265.5,3133.69431607666,3.50100833990674,0.18054616451263428
img_0365.png,img_031.png,899,brightness,1,0.02,13.483351707458496,3.0,7381.490499187176,4797.057954421177,265.5,3133.69431607666,3.50100833990674,0.18052835762500763
img_0366.png,img_031.png,899,brightness,2,0.05,13.483351707458496,3.0,7381.490499187176,4797.057954421177,265.5,3133.69431607666,3.50100833990674,0.17866282165050507
img_0367.png,img_031.png,899,brightness,3,0.1,13.483351707458496,3.0,7381.490499187176,4797.057954421177,265.5,3133.69431607666,3.50100833990674,0.17481228709220886
img_0368.png,img_031.png,899,brightness,4,0.2,13.483351707458496,3.0,7381.490499187176,4797.057954421177,265.5,3133.69431607666,3.50100833990674,0.176779642701149
img_0369.png,img_031.png,899,brightness,5,0.35,13.483351707458496,3.0,7381.490499187176,4797.057954421177,265.5,3133.69431607666,3.50100833990674,0.1896335929632187
img_0370.png,img_031.png,899,contrast,1,0.9,13.483351707458496,3.0,7381.490499187176,4797.057954421177,265.5,3133.69431607666,3.50100833990674,0.1801832914352417
img_0371.png,img_031.png,899,contrast,2,0.75,13.483351707458496,3.0,7381.490499187176,4797.057954421177,265.5,3133.69431607666,3.50100833990674,0.17951281368732452
img_0372.png,img_031.png,899,contrast,3,0.6,13.483351707458496,3.0,7381.490499187176,4797.057954421177,265.5,3133.69431607666,3.50100833990674,0.17891743779182434
img_0373.png,img_031.png,899,contrast,4,0.45,13.483351707458496,3.0,7381.490499187176,4797.057954421177,265.5,3133.69431607666,3.50100833990674,0.17757080495357513
img_0374.png,img_031.png,899,contrast,5,0.3,13.483351707458496,3.0,7381.490499187176,4797.057954421177,265.5,3133.69431607666,3.50100833990674,0.17549917101860046
img_0375.png,img_031.png,899,noise,1,0.01,13.483351707458496,3.0,7381.490499187176,4797.057954421177,265.5,3133.69431607666,3.50100833990674,0.1839294582605362
img_0376.png,img_031.png,899,noise,2,0.02,13.483351707458496,3.0,7381.490499187176,4797.057954421177,265.5,3133.69431607666,3.50100833990674,0.17774882912635803
img_0377.png,img_031.png,899,noise,3,0.04,13.483351707458496,3.0,7381.490499187176,4797.057954421177,265.5,3133.69431607666,3.50100833990674,0.18450231850147247
img_0378.png,img_031.png,899,noise,4,0.08,13.483351707458496,3.0,7381.490499187176,4797.057954421177,265.5,3133.69431607666,3.50100833990674,0.25172629952430725
img_0379.png,img_031.png,899,noise,5,0.15,13.483351707458496,3.0,7381.490499187176,4797.057954421177,265.5,3133.69431607666,3.50100833990674,0.2988889217376709
img_0380.png,img_031.png,899,blur,1,0.5,13.483351707458496,3.0,7381.490499187176,4797.057954421177,265.5,3133.69431607666,3.50100833990674,0.17814220488071442
img_0381.png,img_031.png,899,blur,2,1.0,13.483351707458496,3.0,7381.490499187176,4797.057954421177,265.5,3133.69431607666,3.50100833990674,0.1735374927520752
img_0382.png,img_031.png,899,blur,3,2.0,13.483351707458496,3.0,7381.490499187176,4797.057954421177,265.5,3133.69431607666,3.50100833990674,0.21884538233280182
img_0383.png,img_031.png,899,blur,4,3.5,13.483351707458496,3.0,7381.490499187176,4797.057954421177,265.5,3133.69431607666,3.50100833990674,0.24666275084018707
img_0384.png,img_031.png,899,blur,5,6.0,13.483351707458496,3.0,7381.490499187176,4797.057954421177,265.5,3133.69431607666,3.50100833990674,0.2986527383327484
img_0385.png,img_031.png,899,resolution,1,1.5,13.483351707458496,3.0,7381.490499187176,4797.057954421177,265.5,3133.69431607666,3.50100833990674,0.19654302299022675
img_0386.png,img_031.png,899,resolution,2,2.0,13.483351707458496,3.0,7381.490499187176,4797.057954421177,265.5,3133.69431607666,3.50100833990674,0.19133731722831726
img_0387.png,img_031.png,899,resolution,3,3.0,13.483351707458496,3.0,7381.490499187176,4797.057954421177,265.5,3133.69431607666,3.50100833990674,0.21076588332653046
img_0388.png,img_031.png,899,resolution,4,4.0,13.483351707458496,3.0,7381.490499187176,4797.057954421177,265.5,3133.69431607666,3.50100833990674,0.22326406836509705
img_0389.png,img_031.png,899,resolution,5,6.0,13.483351707458496,3.0,7381.490499187176,4797.057954421177,265.5,3133.69431607666,3.50100833990674,0.26113685965538025
