id,base_id,corruption,severity,phi_pred,mae,rmse,pearson
img_0000.png,img_094.png,clean,0,,,,
img_0001.png,img_094.png,brightness,1,,,,
img_0002.png,img_094.png,brightness,2,,,,
img_0003.png,img_094.png,brightness,3,,,,
img_0004.png,img_094.png,brightness,4,,,,
img_0005.png,img_094.png,brightness,5,,,,
img_0006.png,img_094.png,contrast,1,,,,
img_0007.png,img_094.png,contrast,2,,,,
img_0008.png,img_094.png,contrast,3,,,,
img_0009.png,img_094.png,contrast,4,,,,
img_0010.png,img_094.png,contrast,5,,,,
img_0011.png,img_094.png,noise,1,,,,
img_0012.png,img_094.png,noise,2,,,,
img_0013.png,img_094.png,noise,3,,,,
img_0014.png,img_094.png,noise,4,,,,
img_0015.png,img_094.png,noise,5,,,,
img_0016.png,img_094.png,blur,1,,,,
img_0017.png,img_094.png,blur,2,,,,
img_0018.png,img_094.png,blur,3,,,,
img_0019.png,img_094.png,blur,4,,,,
img_0020.png,img_094.png,blur,5,,,,
img_0021.png,img_094.png,resolution,1,,,,
img_0022.png,img_094.png,resolution,2,,,,
img_0023.png,img_094.png,resolution,3,,,,
img_0024.png,img_094.png,resolution,4,,,,
img_0025.png,img_094.png,resolution,5,,,,
img_0026.png,img_049.png,clean,0,,,,
img_0027.png,img_049.png,brightness,1,,,,
img_0028.png,img_049.png,brightness,2,,,,
img_0029.png,img_049.png,brightness,3,,,,
img_0030.png,img_049.png,brightness,4,,,,
img_0031.png,img_049.png,brightness,5,,,,
img_0032.png,img_049.png,contrast,1,,,,
img_0033.png,img_049.png,contrast,2,,,,
img_0034.png,img_049.png,contrast,3,,,,
img_0035.png,img_049.png,contrast,4,,,,
img_0036.png,img_049.png,contrast,5,,,,
img_0037.png,img_049.png,noise,1,,,,
img_0038.png,img_049.png,noise,2,,,,
img_0039.png,img_049.png,noise,3,,,,
img_0040.png,img_049.png,noise,4,,,,
img_0041.png,img_049.png,noise,5,,,,
img_0042.png,img_049.png,blur,1,,,,
img_0043.png,img_049.png,blur,2,,,,
img_0044.png,img_049.png,blur,3,,,,
img_0045.png,img_049.png,blur,4,,,,
img_0046.png,img_049.png,blur,5,,,,
img_0047.png,img_049.png,resolution,1,,,,
img_0048.png,img_049.png,resolution,2,,,,
img_0049.png,img_049.png,resolution,3,,,,
img_0050.png,img_049.png,resolution,4,,,,
img_0051.png,img_049.png,resolution,5,,,,
img_0052.png,img_042.png,clean,0,,,,
img_0053.png,img_042.png,brightness,1,,,,
img_0054.png,img_042.png,brightness,2,,,,
img_0055.png,img_042.png,brightness,3,,,,
img_0056.png,img_042.png,brightness,4,,,,
img_0057.png,img_042.png,brightness,5,,,,
img_0058.png,img_042.png,contrast,1,,,,
img_0059.png,img_042.png,contrast,2,,,,
img_0060.png,img_042.png,contrast,3,,,,
img_0061.png,img_042.png,contrast,4,,,,
img_0062.png,img_042.png,contrast,5,,,,
img_0063.png,img_042.png,noise,1,,,,
img_0064.png,img_042.png,noise,2,,,,
img_0065.png,img_042.png,noise,3,,,,
img_0066.png,img_042.png,noise,4,,,,
img_0067.png,img_042.png,noise,5,,,,
img_0068.png,img_042.png,blur,1,,,,
img_0069.png,img_042.png,blur,2,,,,
img_0070.png,img_042.png,blur,3,,,,
img_0071.png,img_042.png,blur,4,,,,
img_0072.png,img_042.png,blur,5,,,,
img_0073.png,img_042.png,resolution,1,,,,
img_0074.png,img_042.png,resolution,2,,,,
img_0075.png,img_042.png,resolution,3,,,,
img_0076.png,img_042.png,resolution,4,,,,
img_0077.png,img_042.png,resolution,5,,,,
img_0078.png,img_078.png,clean,0,,,,
img_0079.png,img_078.png,brightness,1,,,,
img_0080.png,img_078.png,brightness,2,,,,
img_0081.png,img_078.png,brightness,3,,,,
img_0082.png,img_078.png,brightness,4,,,,
img_0083.png,img_078.png,brightness,5,,,,
img_0084.png,img_078.png,contrast,1,,,,
img_0085.png,img_078.png,contrast,2,,,,
img_0086.png,img_078.png,contrast,3,,,,
img_0087.png,img_078.png,contrast,4,,,,
img_0088.png,img_078.png,contrast,5,,,,
img_0089.png,img_078.png,noise,1,,,,
img_0090.png,img_078.png,noise,2,,,,
img_0091.png,img_078.png,noise,3,,,,
img_0092.png,img_078.png,noise,4,,,,
img_0093.png,img_078.png,noise,5,,,,
img_0094.png,img_078.png,blur,1,,,,
img_0095.png,img_078.png,blur,2,,,,
img_0096.png,img_078.png,blur,3,,,,
img_0097.png,img_078.png,blur,4,,,,
img_0098.png,img_078.png,blur,5,,,,
img_0099.png,img_078.png,resolution,1,,,,
img_0100.png,img_078.png,resolution,2,,,,
img_0101.png,img_078.png,resolution,3,,,,
img_0102.png,img_078.png,resolution,4,,,,
img_0103.png,img_078.png,resolution,5,,,,
img_0104.png,img_007.png,clean,0,,,,
img_0105.png,img_007.png,brightness,1,,,,
img_0106.png,img_007.png,brightness,2,,,,
img_0107.png,img_007.png,brightness,3,,,,
img_0108.png,img_007.png,brightness,4,,,,
img_0109.png,img_007.png,brightness,5,,,,
img_0110.png,img_007.png,contrast,1,,,,
img_0111.png,img_007.png,contrast,2,,,,
img_0112.png,img_007.png,contrast,3,,,,
img_0113.png,img_007.png,contrast,4,,,,
img_0114.png,img_007.png,contrast,5,,,,
img_0115.png,img_007.png,noise,1,,,,
img_0116.png,img_007.png,noise,2,,,,
img_0117.png,img_007.png,noise,3,,,,
img_0118.png,img_007.png,noise,4,,,,
img_0119.png,img_007.png,noise,5,,,,
img_0120.png,img_007.png,blur,1,,,,
img_0121.png,img_007.png,blur,2,,,,
img_0122.png,img_007.png,blur,3,,,,
img_0123.png,img_007.png,blur,4,,,,
img_0124.png,img_007.png,blur,5,,,,
img_0125.png,img_007.png,resolution,1,,,,
img_0126.png,img_007.png,resolution,2,,,,
img_0127.png,img_007.png,resolution,3,,,,
img_0128.png,img_007.png,resolution,4,,,,
img_0129.png,img_007.png,resolution,5,,,,
img_0130.png,img_058.png,clean,0,,,,
img_0131.png,img_058.png,brightness,1,,,,
img_0132.png,img_058.png,brightness,2,,,,
img_0133.png,img_058.png,brightness,3,,,,
img_0134.png,img_058.png,brightness,4,,,,
img_0135.png,img_058.png,brightness,5,,,,
img_0136.png,img_058.png,contrast,1,,,,
img_0137.png,img_058.png,contrast,2,,,,
img_0138.png,img_058.png,contrast,3,,,,
img_0139.png,img_058.png,contrast,4,,,,
img_0140.png,img_058.png,contrast,5,,,,
img_0141.png,img_058.png,noise,1,,,,
img_0142.png,img_058.png,noise,2,,,,
img_0143.png,img_058.png,noise,3,,,,
img_0144.png,img_058.png,noise,4,,,,
img_0145.png,img_058.png,noise,5,,,,
img_0146.png,img_058.png,blur,1,,,,
img_0147.png,img_058.png,blur,2,,,,
img_0148.png,img_058.png,blur,3,,,,
img_0149.png,img_058.png,blur,4,,,,
img_0150.png,img_058.png,blur,5,,,,
img_0151.png,img_058.png,resolution,1,,,,
img_0152.png,img_058.png,resolution,2,,,,
img_0153.png,img_058.png,resolution,3,,,,
img_0154.png,img_058.png,resolution,4,,,,
img_0155.png,img_058.png,resolution,5,,,,
img_0156.png,img_034.png,clean,0,,,,
img_0157.png,img_034.png,brightness,1,,,,
img_0158.png,img_034.png,brightness,2,,,,
img_0159.png,img_034.png,brightness,3,,,,
img_0160.png,img_034.png,brightness,4,,,,
img_0161.png,img_034.png,brightness,5,,,,
img_0162.png,img_034.png,contrast,1,,,,
img_0163.png,img_034.png,contrast,2,,,,
img_0164.png,img_034.png,contrast,3,,,,
img_0165.png,img_034.png,contrast,4,,,,
img_0166.png,img_034.png,contrast,5,,,,
img_0167.png,img_034.png,noise,1,,,,
img_0168.png,img_034.png,noise,2,,,,
img_0169.png,img_034.png,noise,3,,,,
img_0170.png,img_034.png,noise,4,,,,
img_0171.png,img_034.png,noise,5,,,,
img_0172.png,img_034.png,blur,1,,,,
img_0173.png,img_034.png,blur,2,,,,
img_0174.png,img_034.png,blur,3,,,,
img_0175.png,img_034.png,blur,4,,,,
img_0176.png,img_034.png,blur,5,,,,
img_0177.png,img_034.png,resolution,1,,,,
img_0178.png,img_034.png,resolution,2,,,,
img_0179.png,img_034.png,resolution,3,,,,
img_0180.png,img_034.png,resolution,4,,,,
img_0181.png,img_034.png,resolution,5,,,,
img_0182.png,img_069.png,clean,0,,,,
img_0183.png,img_069.png,brightness,1,,,,
img_0184.png,img_069.png,brightness,2,,,,
img_0185.png,img_069.png,brightness,3,,,,
img_0186.png,img_069.png,brightness,4,,,,
img_0187.png,img_069.png,brightness,5,,,,
img_0188.png,img_069.png,contrast,1,,,,
img_0189.png,img_069.png,contrast,2,,,,
img_0190.png,img_069.png,contrast,3,,,,
img_0191.png,img_069.png,contrast,4,,,,
img_0192.png,img_069.png,contrast,5,,,,
img_0193.png,img_069.png,noise,1,,,,
img_0194.png,img_069.png,noise,2,,,,
img_0195.png,img_069.png,noise,3,,,,
img_0196.png,img_069.png,noise,4,,,,
img_0197.png,img_069.png,noise,5,,,,
img_0198.png,img_069.png,blur,1,,,,
img_0199.png,img_069.png,blur,2,,,,
img_0200.png,img_069.png,blur,3,,,,
img_0201.png,img_069.png,blur,4,,,,
img_0202.png,img_069.png,blur,5,,,,
img_0203.png,img_069.png,resolution,1,,,,
img_0204.png,img_069.png,resolution,2,,,,
img_0205.png,img_069.png,resolution,3,,,,
img_0206.png,img_069.png,resolution,4,,,,
img_0207.png,img_069.png,resolution,5,,,,
img_0208.png,img_003.png,clean,0,,,,
img_0209.png,img_003.png,brightness,1,,,,
img_0210.png,img_003.png,brightness,2,,,,
img_0211.png,img_003.png,brightness,3,,,,
img_0212.png,img_003.png,brightness,4,,,,
img_0213.png,img_003.png,brightness,5,,,,
img_0214.png,img_003.png,contrast,1,,,,
img_0215.png,img_003.png,contrast,2,,,,
img_0216.png,img_003.png,contrast,3,,,,
img_0217.png,img_003.png,contrast,4,,,,
img_0218.png,img_003.png,contrast,5,,,,
img_0219.png,img_003.png,noise,1,,,,
img_0220.png,img_003.png,noise,2,,,,
img_0221.png,img_003.png,noise,3,,,,
img_0222.png,img_003.png,noise,4,,,,
img_0223.png,img_003.png,noise,5,,,,
img_0224.png,img_003.png,blur,1,,,,
img_0225.png,img_003.png,blur,2,,,,
img_0226.png,img_003.png,blur,3,,,,
img_0227.png,img_003.png,blur,4,,,,
img_0228.png,img_003.png,blur,5,,,,
img_0229.png,img_003.png,resolution,1,,,,
img_0230.png,img_003.png,resolution,2,,,,
img_0231.png,img_003.png,resolution,3,,,,
img_0232.png,img_003.png,resolution,4,,,,
img_0233.png,img_003.png,resolution,5,,,,
img_0234.png,img_052.png,clean,0,,,,
img_0235.png,img_052.png,brightness,1,,,,
img_0236.png,img_052.png,brightness,2,,,,
img_0237.png,img_052.png,brightness,3,,,,
img_0238.png,img_052.png,brightness,4,,,,
img_0239.png,img_052.png,brightness,5,,,,
img_0240.png,img_052.png,contrast,1,,,,
img_0241.png,img_052.png,contrast,2,,,,
img_0242.png,img_052.png,contrast,3,,,,
img_0243.png,img_052.png,contrast,4,,,,
img_0244.png,img_052.png,contrast,5,,,,
img_0245.png,img_052.png,noise,1,,,,
img_0246.png,img_052.png,noise,2,,,,
img_0247.png,img_052.png,noise,3,,,,
img_0248.png,img_052.png,noise,4,,,,
img_0249.png,img_052.png,noise,5,,,,
img_0250.png,img_052.png,blur,1,,,,
img_0251.png,img_052.png,blur,2,,,,
img_0252.png,img_052.png,blur,3,,,,
img_0253.png,img_052.png,blur,4,,,,
img_0254.png,img_052.png,blur,5,,,,
img_0255.png,img_052.png,resolution,1,,,,
img_0256.png,img_052.png,resolution,2,,,,
img_0257.png,img_052.png,resolution,3,,,,
img_0258.png,img_052.png,resolution,4,,,,
img_0259.png,img_052.png,resolution,5,,,,
img_0260.png,img_068.png,clean,0,,,,
img_0261.png,img_068.png,brightness,1,,,,
img_0262.png,img_068.png,brightness,2,,,,
img_0263.png,img_068.png,brightness,3,,,,
img_0264.png,img_068.png,brightness,4,,,,
img_0265.png,img_068.png,brightness,5,,,,
img_0266.png,img_068.png,contrast,1,,,,
img_0267.png,img_068.png,contrast,2,,,,
img_0268.png,img_068.png,contrast,3,,,,
img_0269.png,img_068.png,contrast,4,,,,
img_0270.png,img_068.png,contrast,5,,,,
img_0271.png,img_068.png,noise,1,,,,
img_0272.png,img_068.png,noise,2,,,,
img_0273.png,img_068.png,noise,3,,,,
img_0274.png,img_068.png,noise,4,,,,
img_0275.png,img_068.png,noise,5,,,,
img_0276.png,img_068.png,blur,1,,,,
img_0277.png,img_068.png,blur,2,,,,
img_0278.png,img_068.png,blur,3,,,,
img_0279.png,img_068.png,blur,4,,,,
img_0280.png,img_068.png,blur,5,,,,
img_0281.png,img_068.png,resolution,1,,,,
img_0282.png,img_068.png,resolution,2,,,,
img_0283.png,img_068.png,resolution,3,,,,
img_0284.png,img_068.png,resolution,4,,,,
img_0285.png,img_068.png,resolution,5,,,,
img_0286.png,img_004.png,clean,0,,,,
img_0287.png,img_004.png,brightness,1,,,,
img_0288.png,img_004.png,brightness,2,,,,
img_0289.png,img_004.png,brightness,3,,,,
img_0290.png,img_004.png,brightness,4,,,,
img_0291.png,img_004.png,brightness,5,,,,
img_0292.png,img_004.png,contrast,1,,,,
img_0293.png,img_004.png,contrast,2,,,,
img_0294.png,img_004.png,contrast,3,,,,
img_0295.png,img_004.png,contrast,4,,,,
img_0296.png,img_004.png,contrast,5,,,,
img_0297.png,img_004.png,noise,1,,,,
img_0298.png,img_004.png,noise,2,,,,
img_0299.png,img_004.png,noise,3,,,,
img_0300.png,img_004.png,noise,4,,,,
img_0301.png,img_004.png,noise,5,,,,
img_0302.png,img_004.png,blur,1,,,,
img_0303.png,img_004.png,blur,2,,,,
img_0304.png,img_004.png,blur,3,,,,
img_0305.png,img_004.png,blur,4,,,,
img_0306.png,img_004.png,blur,5,,,,
img_0307.png,img_004.png,resolution,1,,,,
img_0308.png,img_004.png,resolution,2,,,,
img_0309.png,img_004.png,resolution,3,,,,
img_0310.png,img_004.png,resolution,4,,,,
img_0311.png,img_004.png,resolution,5,,,,
img_0312.png,img_098.png,clean,0,,,,
img_0313.png,img_098.png,brightness,1,,,,
img_0314.png,img_098.png,brightness,2,,,,
img_0315.png,img_098.png,brightness,3,,,,
img_0316.png,img_098.png,brightness,4,,,,
img_0317.png,img_098.png,brightness,5,,,,
img_0318.png,img_098.png,contrast,1,,,,
img_0319.png,img_098.png,contrast,2,,,,
img_0320.png,img_098.png,contrast,3,,,,
img_0321.png,img_098.png,contrast,4,,,,
img_0322.png,img_098.png,contrast,5,,,,
img_0323.png,img_098.png,noise,1,,,,
img_0324.png,img_098.png,noise,2,,,,
img_0325.png,img_098.png,noise,3,,,,
img_0326.png,img_098.png,noise,4,,,,
img_0327.png,img_098.png,noise,5,,,,
img_0328.png,img_098.png,blur,1,,,,
img_0329.png,img_098.png,blur,2,,,,
img_0330.png,img_098.png,blur,3,,,,
img_0331.png,img_098.png,blur,4,,,,
img_0332.png,img_098.png,blur,5,,,,
img_0333.png,img_098.png,resolution,1,,,,
img_0334.png,img_098.png,resolution,2,,,,
img_0335.png,img_098.png,resolution,3,,,,
img_0336.png,img_098.png,resolution,4,,,,
img_0337.png,img_098.png,resolution,5,,,,
img_0338.png,img_039.png,clean,0,,,,
img_0339.png,img_039.png,brightness,1,,,,
img_0340.png,img_039.png,brightness,2,,,,
img_0341.png,img_039.png,brightness,3,,,,
img_0342.png,img_039.png,brightness,4,,,,
img_0343.png,img_039.png,brightness,5,,,,
img_0344.png,img_039.png,contrast,1,,,,
img_0345.png,img_039.png,contrast,2,,,,
img_0346.png,img_039.png,contrast,3,,,,
img_0347.png,img_039.png,contrast,4,,,,
img_0348.png,img_039.png,contrast,5,,,,
img_0349.png,img_039.png,noise,1,,,,
img_0350.png,img_039.png,noise,2,,,,
img_0351.png,img_039.png,noise,3,,,,
img_0352.png,img_039.png,noise,4,,,,
img_0353.png,img_039.png,noise,5,,,,
img_0354.png,img_039.png,blur,1,,,,
img_0355.png,img_039.png,blur,2,,,,
img_0356.png,img_039.png,blur,3,,,,
img_0357.png,img_039.png,blur,4,,,,
img_0358.png,img_039.png,blur,5,,,,
img_0359.png,img_039.png,resolution,1,,,,
img_0360.png,img_039.png,resolution,2,,,,
img_0361.png,img_039.png,resolution,3,,,,
img_0362.png,img_039.png,resolution,4,,,,
img_0363.png,img_039.png,resolution,5,,,,
img_0364.png,img_031.png,clean,0,,,,
img_0365.png,img_031.png,brightness,1,,,,
img_0366.png,img_031.png,brightness,2,,,,
img_0367.png,img_031.png,brightness,3,,,,
img_0368.png,img_031.png,brightness,4,,,,
img_0369.png,img_031.png,brightness,5,,,,
img_0370.png,img_031.png,contrast,1,,,,
img_0371.png,img_031.png,contrast,2,,,,
img_0372.png,img_031.png,contrast,3,,,,
img_0373.png,img_031.png,contrast,4,,,,
img_0374.png,img_031.png,contrast,5,,,,
img_0375.png,img_031.png,noise,1,,,,
img_0376.png,img_031.png,noise,2,,,,
img_0377.png,img_031.png,noise,3,,,,
img_0378.png,img_031.png,noise,4,,,,
img_0379.png,img_031.png,noise,5,,,,
img_0380.png,img_031.png,blur,1,,,,
img_0381.png,img_031.png,blur,2,,,,
img_0382.png,img_031.png,blur,3,,,,
img_0383.png,img_031.png,blur,4,,,,
img_0384.png,img_031.png,blur,5,,,,
img_0385.png,img_031.png,resolution,1,,,,
img_0386.png,img_031.png,resolution,2,,,,
img_0387.png,img_031.png,resolution,3,,,,
img_0388.png,img_031.png,resolution,4,,,,
img_0389.png,img_031.png,resolution,5,,,,
